env_step,focal_return,inflation,claimed_alpha,true_alpha_focal,partner_clean_rate,dirt,aggregate,victim_mean
128000.0,-1147.7540283203125,0.33695080876350403,0.4235265851020813,0.08657577633857727,0.09342058002948761,51.06191635131836,0.08617067337036133,1.1477540731430054
256000.0,-1168.480712890625,0.34008654952049255,0.43238985538482666,0.09230328351259232,0.09066536277532578,50.27685546875,0.09108179062604904,1.1684807538986206
384000.0,-1199.03271484375,0.3369815945625305,0.43121957778930664,0.09423796832561493,0.09033464640378952,49.25339126586914,0.09099005162715912,1.1990327835083008
512000.0,-1202.6602783203125,0.33103254437446594,0.4219953417778015,0.09096281230449677,0.09057552367448807,49.4219856262207,0.0899268388748169,1.202660322189331
640000.0,-1237.3411865234375,0.32870614528656006,0.420815646648407,0.09210953116416931,0.09015625715255737,48.65506362915039,0.08982046693563461,1.237341284751892
768000.0,-1192.06005859375,0.33941176533699036,0.4321359395980835,0.09272421896457672,0.09005469083786011,49.639652252197266,0.0910152792930603,1.192060112953186
896000.0,-1188.91552734375,0.3453439176082611,0.43794065713882446,0.09259671717882156,0.08988281339406967,49.70619583129883,0.09178388863801956,1.1889156103134155
1024000.0,-1119.5626220703125,0.35616615414619446,0.44817426800727844,0.09200812876224518,0.09082161635160446,50.78245544433594,0.09315630048513412,1.1195626258850098
1152000.0,-1093.50390625,0.36052486300468445,0.45146095752716064,0.0909361019730568,0.09031379967927933,51.7493782043457,0.09332995861768723,1.0935039520263672
1280000.0,-1104.869873046875,0.3597850501537323,0.4508570730686188,0.09107202291488647,0.0910143330693245,51.04983901977539,0.09382779896259308,1.1048699617385864
1408000.0,-1030.959716796875,0.3728920519351959,0.462507039308548,0.08961499482393265,0.09185286611318588,52.329471588134766,0.0950784981250763,1.0309597253799438
1536000.0,-1069.651123046875,0.36823639273643494,0.45549145340919495,0.08725500106811523,0.0913710966706276,51.671878814697266,0.09452896565198898,1.0696511268615723
1664000.0,-979.0247802734375,0.3681927025318146,0.45300552248954773,0.08481281250715256,0.09325521439313889,53.47032928466797,0.09404254704713821,0.9790248274803162
1792000.0,-963.1289672851562,0.37289223074913025,0.4582187831401825,0.08532656729221344,0.09294531494379044,53.79569625854492,0.0946563333272934,0.9631289839744568
1920000.0,-988.248779296875,0.3765239417552948,0.46329066157341003,0.08676671981811523,0.09244662523269653,53.543277740478516,0.09500886499881744,0.9882488250732422
2048000.0,-911.576904296875,0.39216363430023193,0.47912269830703735,0.08695906400680542,0.0942278727889061,54.423370361328125,0.09697186946868896,0.9115769267082214
2176000.0,-858.1471557617188,0.40525174140930176,0.4940875470638275,0.08883578330278397,0.09497526288032532,55.45265197753906,0.09863796085119247,0.8581472039222717
2304000.0,-856.4609985351562,0.418087363243103,0.5068398714065552,0.08875250816345215,0.09427473694086075,55.3812370300293,0.10023464262485504,0.8564610481262207
2432000.0,-856.424560546875,0.41005489230155945,0.4990305006504059,0.08897563070058823,0.09515754878520966,55.38740158081055,0.09948824346065521,0.8564246296882629
2560000.0,-828.4883422851562,0.4165321886539459,0.5049992203712463,0.08846703171730042,0.09522917121648788,55.80574417114258,0.10006304085254669,0.8284884095191956
2688000.0,-818.2435302734375,0.41191643476486206,0.4991101920604706,0.08719374239444733,0.09454426914453506,56.28220748901367,0.09952029585838318,0.8182435631752014
2816000.0,-831.0494995117188,0.4131612777709961,0.49837660789489746,0.08521532267332077,0.09440625458955765,55.930267333984375,0.09944551438093185,0.8310495615005493
2944000.0,-804.6172485351562,0.41256582736968994,0.4972289800643921,0.08466312289237976,0.09583333134651184,56.4041748046875,0.09924434125423431,0.8046172857284546
3072000.0,-866.6146240234375,0.4124237895011902,0.4949492812156677,0.08252546191215515,0.09402474761009216,55.23686218261719,0.09940605610609055,0.8666146397590637
3200000.0,-809.9492797851562,0.41263547539711,0.4958851635456085,0.08324968069791794,0.09591016173362732,56.64103317260742,0.09912335872650146,0.8099493384361267
3328000.0,-846.6263427734375,0.4095190763473511,0.49143674969673157,0.0819176584482193,0.09528777003288269,55.64276123046875,0.09899351745843887,0.8466264009475708
3456000.0,-834.139404296875,0.4035182595252991,0.4846867620944977,0.08116842806339264,0.09556511044502258,55.97926712036133,0.09838734567165375,0.8341394662857056
3584000.0,-827.2578735351562,0.40418922901153564,0.4843531847000122,0.08016391098499298,0.09507031738758087,56.02353286743164,0.09808464348316193,0.8272579312324524
3712000.0,-845.8607177734375,0.4000106453895569,0.4785851538181305,0.0785745307803154,0.0946328192949295,55.652862548828125,0.09734493494033813,0.8458607792854309
3840000.0,-786.5338745117188,0.40299129486083984,0.4817211329936981,0.07872984558343887,0.09643620997667313,56.61467361450195,0.09789827466011047,0.7865338921546936
3968000.0,-810.4505615234375,0.399129718542099,0.4752523601055145,0.07612265646457672,0.09554817527532578,56.44186019897461,0.09716169536113739,0.8104506134986877
4096000.0,-755.8360595703125,0.39593735337257385,0.471932053565979,0.07599468529224396,0.09679297357797623,57.63064956665039,0.09655717760324478,0.7558360695838928
4224000.0,-761.268310546875,0.40262579917907715,0.47544223070144653,0.0728164091706276,0.09759245067834854,57.15018081665039,0.0973983183503151,0.7612683176994324
4352000.0,-762.7994995117188,0.39971286058425903,0.4722672402858734,0.07255437970161438,0.09633594006299973,57.23635482788086,0.09708920866250992,0.7627995610237122
4480000.0,-742.3008422851562,0.40834829211235046,0.47989535331726074,0.07154703140258789,0.09683334082365036,57.63264465332031,0.0979691669344902,0.7423008680343628
4608000.0,-740.5325927734375,0.4120490849018097,0.48536333441734314,0.07331421226263046,0.09731380641460419,57.51875305175781,0.09847471863031387,0.740532636642456
4736000.0,-701.8138427734375,0.4173278510570526,0.489524245262146,0.07219640165567398,0.09761198610067368,58.433807373046875,0.09909214824438095,0.7018138766288757
4864000.0,-682.5548095703125,0.4157651662826538,0.48513129353523254,0.06936608999967575,0.09910678118467331,58.52305603027344,0.0987277701497078,0.6825548410415649
4992000.0,-674.1875,0.42015376687049866,0.4875570833683014,0.06740327924489975,0.09964844584465027,59.09603500366211,0.09902746230363846,0.6741875410079956
5120000.0,-617.002685546875,0.4304650127887726,0.4988648593425751,0.06839984655380249,0.10113542526960373,59.9446907043457,0.10063513368368149,0.6170027256011963
5248000.0,-595.0911865234375,0.42260223627090454,0.4893578290939331,0.06675563007593155,0.10118620097637177,60.55958938598633,0.09944818168878555,0.5950912237167358
5376000.0,-586.7422485351562,0.42473548650741577,0.4910641014575958,0.06632860004901886,0.10311589390039444,60.69556427001953,0.09960299730300903,0.5867422819137573
5504000.0,-545.58984375,0.419737845659256,0.48509225249290466,0.06535438448190689,0.1034948006272316,62.099456787109375,0.09889362752437592,0.5455898642539978
5632000.0,-588.1914672851562,0.41842564940452576,0.47983360290527344,0.061407968401908875,0.1021927073597908,60.7812614440918,0.09851676225662231,0.5881915092468262
5760000.0,-600.7422485351562,0.41526472568511963,0.47620707750320435,0.06094234064221382,0.10175000131130219,60.546871185302734,0.09833457320928574,0.6007422804832458
5888000.0,-598.1627807617188,0.4086417555809021,0.46903517842292786,0.06039343401789665,0.10234635323286057,60.972503662109375,0.0971306636929512,0.598162829875946
6016000.0,-569.5885620117188,0.41713595390319824,0.4751531481742859,0.05801718682050705,0.10209245979785919,61.204627990722656,0.09821374714374542,0.5695886015892029
6144000.0,-530.0950927734375,0.4164562523365021,0.4731937646865845,0.056737497448921204,0.10453386604785919,62.611690521240234,0.09773262590169907,0.530095100402832
6272000.0,-574.8932495117188,0.39954718947410583,0.4565421938896179,0.056995000690221786,0.10257813334465027,61.265892028808594,0.09607093036174774,0.5748932957649231
6400000.0,-555.2969360351562,0.4022015929222107,0.4548110067844391,0.05260937660932541,0.1045234426856041,61.987823486328125,0.09607287496328354,0.5552969574928284
6528000.0,-495.0950927734375,0.4047033190727234,0.4556601941585541,0.05095687508583069,0.10496223717927933,63.567535400390625,0.09597941488027573,0.4950951039791107
6656000.0,-431.4297180175781,0.40779268741607666,0.45384690165519714,0.04605421796441078,0.107276052236557,65.01790618896484,0.09588523209095001,0.43142974376678467
6784000.0,-422.1328430175781,0.40962281823158264,0.4525594115257263,0.04293656349182129,0.1078685000538826,65.6375961303711,0.09623727202415466,0.42213284969329834
6912000.0,-438.7304992675781,0.4057251811027527,0.44662660360336304,0.04090140759944916,0.10771223902702332,65.21401977539062,0.09574710577726364,0.43873050808906555
7040000.0,-419.1888427734375,0.40529677271842957,0.4457203447818756,0.040423594415187836,0.10897526144981384,65.94218444824219,0.09525982290506363,0.41918885707855225
7168000.0,-371.0638427734375,0.4077569246292114,0.4427211582660675,0.034964218735694885,0.11094401776790619,67.10011291503906,0.09548147767782211,0.37106385827064514
7296000.0,-330.19403076171875,0.4103173613548279,0.4407477080821991,0.03043031319975853,0.1109817773103714,68.37683868408203,0.09536765515804291,0.33019405603408813
7424000.0,-366.76171875,0.41260719299316406,0.4444281756877899,0.03182093799114227,0.11081771552562714,67.63411712646484,0.09574300050735474,0.3667617440223694
7552000.0,-303.48828125,0.41624143719673157,0.4443711042404175,0.028129687532782555,0.11331120133399963,70.32298278808594,0.09586304426193237,0.30348828434944153
7680000.0,-311.5547180175781,0.4122433066368103,0.4375203549861908,0.02527703158557415,0.11346355080604553,70.33723449707031,0.09519576281309128,0.3115547299385071
7808000.0,-260.2669372558594,0.4135747253894806,0.43431177735328674,0.02073703333735466,0.11554036289453506,71.78015899658203,0.09515751898288727,0.2602669596672058
7936000.0,-276.84637451171875,0.41371065378189087,0.4350992739200592,0.021388594061136246,0.11423958092927933,72.07324981689453,0.09517382830381393,0.27684637904167175
8064000.0,-263.55731201171875,0.41415145993232727,0.4308196008205414,0.016668125987052917,0.11569011211395264,72.41621398925781,0.0949852466583252,0.2635573148727417
8192000.0,-238.96615600585938,0.4096406400203705,0.42580318450927734,0.01616249978542328,0.11622527241706848,73.01834106445312,0.09429957717657089,0.238966166973114
8320000.0,-249.08334350585938,0.41258755326271057,0.42701882123947144,0.014431250281631947,0.11660677939653397,73.1737060546875,0.09439054876565933,0.24908335506916046
8448000.0,-255.50914001464844,0.4105191230773926,0.42504221200942993,0.014523125253617764,0.11593359708786011,73.44613647460938,0.09422557055950165,0.2555091381072998
8576000.0,-225.88671875,0.4112325608730316,0.42493364214897156,0.013701093383133411,0.11692969501018524,74.08585357666016,0.09419257193803787,0.225886732339859
8704000.0,-228.19271850585938,0.41457924246788025,0.4287281632423401,0.014148907735943794,0.11690886318683624,73.0741195678711,0.0948672965168953,0.22819273173809052
8832000.0,-225.99610900878906,0.4143286347389221,0.4284125566482544,0.014083906076848507,0.11734115332365036,74.25115203857422,0.0945410504937172,0.22599612176418304
8960000.0,-244.07034301757812,0.41312599182128906,0.4275187849998474,0.014392812736332417,0.11639713495969772,72.97914123535156,0.09462044388055801,0.24407035112380981
9088000.0,-224.14584350585938,0.4129866063594818,0.42602425813674927,0.013037656433880329,0.11649740487337112,73.45130157470703,0.09438476711511612,0.22414585947990417
9216000.0,-241.85549926757812,0.4160228371620178,0.4291679859161377,0.01314515620470047,0.1163216233253479,73.26953887939453,0.09494054317474365,0.24185551702976227
9344000.0,-224.74742126464844,0.4117312729358673,0.4249242842197418,0.013192969374358654,0.1167578175663948,74.0920639038086,0.09436187893152237,0.224747434258461
9472000.0,-228.34768676757812,0.4106591045856476,0.4227094352245331,0.01205031294375658,0.11701042950153351,74.39822387695312,0.09390092641115189,0.22834770381450653
9600000.0,-199.40887451171875,0.40969520807266235,0.421005517244339,0.011310312896966934,0.1182539090514183,75.76864624023438,0.09361185133457184,0.1994088888168335
9728000.0,-221.97657775878906,0.4109840989112854,0.4217391014099121,0.010754999704658985,0.11664453893899918,75.03121948242188,0.0939478874206543,0.22197659313678741
9856000.0,-220.51824951171875,0.4111303389072418,0.42279767990112305,0.01166734378784895,0.11729428172111511,74.48566436767578,0.09377889335155487,0.22051826119422913
9984000.0,-200.5390625,0.4120383560657501,0.4220812916755676,0.010042969137430191,0.11739714443683624,74.57706451416016,0.09422067552804947,0.20053906738758087
10112000.0,-203.6744842529297,0.4120767414569855,0.42149457335472107,0.009417812339961529,0.1174817755818367,74.46851348876953,0.09392216801643372,0.20367449522018433
10240000.0,-210.61068725585938,0.40796348452568054,0.4174859821796417,0.009522500447928905,0.11763542890548706,74.83448028564453,0.09339850395917892,0.21061070263385773
10368000.0,-196.51954650878906,0.4086592495441437,0.41726645827293396,0.008607187308371067,0.11817578971385956,75.36614227294922,0.09323494136333466,0.19651955366134644
10496000.0,-179.47528076171875,0.40898457169532776,0.4169914722442627,0.008006874471902847,0.11914714425802231,76.23616790771484,0.09340591728687286,0.17947529256343842
10624000.0,-195.15234375,0.4107389450073242,0.41839224100112915,0.007653281558305025,0.11881250888109207,75.26399993896484,0.0935325101017952,0.19515235722064972
10752000.0,-183.77737426757812,0.4117208421230316,0.4198234975337982,0.008102656342089176,0.1202487051486969,76.63844299316406,0.09373056143522263,0.18377737700939178
10880000.0,-189.84767150878906,0.4155336618423462,0.4225188195705414,0.0069851563312113285,0.11910808086395264,76.05325317382812,0.09413480013608932,0.1898476779460907
11008000.0,-185.11720275878906,0.4189717471599579,0.4272031784057617,0.008231407031416893,0.11903386563062668,76.33734130859375,0.0946044921875,0.1851172149181366
11136000.0,-177.9713592529297,0.42076021432876587,0.42915552854537964,0.00839531235396862,0.11908203363418579,76.61976623535156,0.09480860084295273,0.17797136306762695
11264000.0,-188.22528076171875,0.4228522479534149,0.430799275636673,0.007947031408548355,0.11902344226837158,75.8621826171875,0.09522214531898499,0.18822528421878815
11392000.0,-182.88412475585938,0.42437270283699036,0.4324774146080017,0.008104687556624413,0.11792057752609253,75.5496597290039,0.09542613476514816,0.1828841269016266
11520000.0,-192.78256225585938,0.41782504320144653,0.42568445205688477,0.007859375327825546,0.1184687539935112,75.10443115234375,0.0945591926574707,0.19278256595134735
11648000.0,-197.42189025878906,0.4161778688430786,0.4251602292060852,0.008982344530522823,0.11840886622667313,75.15176391601562,0.09429143369197845,0.19742189347743988
11776000.0,-191.86199951171875,0.41330504417419434,0.4218352138996124,0.008530156686902046,0.11933594942092896,76.25389862060547,0.09388744086027145,0.19186200201511383
11904000.0,-212.00521850585938,0.4123327136039734,0.4214664399623871,0.009133749641478062,0.11797787249088287,73.65046691894531,0.09421142190694809,0.21200522780418396
12032000.0,-207.60287475585938,0.41411975026130676,0.42209380865097046,0.007974062114953995,0.11855469644069672,74.86250305175781,0.09421496093273163,0.20760288834571838
12160000.0,-212.43360900878906,0.4110650420188904,0.420491486787796,0.00942640658468008,0.11725911498069763,74.5408706665039,0.09403248876333237,0.2124336212873459
12288000.0,-181.22528076171875,0.41718238592147827,0.42698755860328674,0.009805156849324703,0.11877865344285965,77.21722412109375,0.0943630188703537,0.18122528493404388
12416000.0,-191.515625,0.41336554288864136,0.4232414662837982,0.00987593736499548,0.11873959004878998,75.38367462158203,0.09406092762947083,0.19151563942432404
12544000.0,-191.95314025878906,0.4143185019493103,0.4232937693595886,0.008975312113761902,0.11825520545244217,76.33299255371094,0.09389713406562805,0.1919531524181366
12672000.0,-181.5260467529297,0.4152368903160095,0.42501100897789,0.009774062782526016,0.11904428154230118,76.15911865234375,0.09414379298686981,0.1815260499715805
12800000.0,-205.89846801757812,0.41240832209587097,0.42057350277900696,0.008165155537426472,0.11851433664560318,74.60338592529297,0.09405551850795746,0.2058984786272049
12928000.0,-209.63543701171875,0.4071938097476959,0.4152219295501709,0.008028125390410423,0.11761198192834854,74.03700256347656,0.09330711513757706,0.20963545143604279
13056000.0,-206.55470275878906,0.4064108431339264,0.41404303908348083,0.0076321871019899845,0.11918620765209198,75.73756408691406,0.09298732131719589,0.20655471086502075
13184000.0,-210.80209350585938,0.4032820761203766,0.41239848732948303,0.009116405621170998,0.11813542991876602,75.0875244140625,0.09287064522504807,0.2108021080493927
13312000.0,-209.74481201171875,0.4011639654636383,0.4087563157081604,0.007592343725264072,0.11746224761009216,73.97947692871094,0.09249734878540039,0.20974482595920563
13440000.0,-206.78256225585938,0.40053755044937134,0.4083930253982544,0.007855468429625034,0.11877994984388351,74.9460678100586,0.09253168106079102,0.20678257942199707
13568000.0,-197.43099975585938,0.39966267347335815,0.4085008502006531,0.008838124573230743,0.11862240731716156,75.3233413696289,0.09220974892377853,0.19743101298809052
13696000.0,-185.06251525878906,0.4004991054534912,0.4084383249282837,0.007939218543469906,0.1197291761636734,76.14652252197266,0.0923571065068245,0.18506252765655518
13824000.0,-200.92190551757812,0.40003785490989685,0.4077203571796417,0.007682500407099724,0.11855078488588333,76.12578582763672,0.0921766385436058,0.2009219080209732
13952000.0,-192.39974975585938,0.40138113498687744,0.40791645646095276,0.006535313092172146,0.11918099969625473,75.35655975341797,0.09224596619606018,0.1923997551202774
14080000.0,-202.27084350585938,0.39502033591270447,0.40500470995903015,0.009984375908970833,0.1191198006272316,75.36510467529297,0.09152030199766159,0.20227085053920746
14208000.0,-200.92189025878906,0.39595332741737366,0.40483829379081726,0.00888499990105629,0.1187148466706276,75.7768783569336,0.0916667953133583,0.200921893119812
14336000.0,-207.76693725585938,0.3939739465713501,0.4022492468357086,0.00827531237155199,0.11856120079755783,75.39777374267578,0.09167400002479553,0.20776695013046265
14464000.0,-210.19142150878906,0.39484912157058716,0.40340864658355713,0.008559531532227993,0.11938672512769699,75.459716796875,0.09146876633167267,0.21019142866134644
14592000.0,-203.87503051757812,0.3950125575065613,0.40325239300727844,0.008239843882620335,0.11887890100479126,75.41659545898438,0.0915842279791832,0.20387503504753113
14720000.0,-211.2578125,0.3944205045700073,0.4024781584739685,0.008057655766606331,0.1185690239071846,75.01624298095703,0.09141631424427032,0.21125781536102295
14848000.0,-211.00262451171875,0.3965672254562378,0.40342268347740173,0.0068554687313735485,0.11948569118976593,75.02298736572266,0.09189392626285553,0.2110026329755783
14976000.0,-200.1015625,0.39681050181388855,0.4044172465801239,0.007606718689203262,0.11937500536441803,75.73143768310547,0.09172682464122772,0.2001015692949295
15104000.0,-202.95443725585938,0.39565473794937134,0.40303516387939453,0.007380468770861626,0.11901302635669708,75.74158477783203,0.09160672128200531,0.20295444130897522
15232000.0,-207.18360900878906,0.3932937681674957,0.40100398659706116,0.007710156496614218,0.11870964616537094,75.39288330078125,0.09122321754693985,0.2071836143732071
15360000.0,-202.55340576171875,0.39747098088264465,0.4051547348499298,0.0076837497763335705,0.11911848932504654,75.90263366699219,0.09179911017417908,0.2025534212589264
15488000.0,-189.41929626464844,0.3985038101673126,0.40564772486686707,0.0071439058519899845,0.11898697912693024,75.89126586914062,0.09211932122707367,0.18941929936408997
15616000.0,-188.60809326171875,0.39883753657341003,0.4063039720058441,0.007466406095772982,0.11970964819192886,76.56571197509766,0.0917121022939682,0.1886080950498581
15744000.0,-196.96617126464844,0.39738723635673523,0.4062312841415405,0.008844063617289066,0.11981380730867386,75.69437408447266,0.09176980704069138,0.19696618616580963
15872000.0,-193.63021850585938,0.39946895837783813,0.40796253085136414,0.008493593893945217,0.11904167383909225,77.24404907226562,0.09193272143602371,0.19363023340702057
16000000.0,-197.77737426757812,0.3976989686489105,0.40765082836151123,0.009951874613761902,0.11843881011009216,76.72742462158203,0.09161067754030228,0.1977773904800415
16128000.0,-196.85678100585938,0.40287238359451294,0.4131859838962555,0.010313593782484531,0.119015634059906,75.970947265625,0.09243734925985336,0.1968567967414856
16256000.0,-189.26434326171875,0.40262407064437866,0.4114953875541687,0.008871250785887241,0.11939453333616257,75.64543151855469,0.09248238801956177,0.18926435708999634
16384000.0,-174.92709350585938,0.40436768531799316,0.41367658972740173,0.009308906272053719,0.11987631022930145,77.61217498779297,0.09218637645244598,0.17492710053920746
16512000.0,-207.99481201171875,0.39978286623954773,0.41073206067085266,0.010949218645691872,0.11836719512939453,75.90692901611328,0.09218036383390427,0.20799481868743896
16640000.0,-189.71095275878906,0.39865490794181824,0.4100727140903473,0.011417812667787075,0.12005729973316193,76.51878356933594,0.09204111993312836,0.18971095979213715
16768000.0,-199.7643280029297,0.3996165990829468,0.41067972779273987,0.011063125915825367,0.11929687857627869,77.14644622802734,0.09194842725992203,0.19976434111595154
16896000.0,-191.08724975585938,0.3967675268650055,0.40993520617485046,0.01316765695810318,0.11835157126188278,76.82174682617188,0.09140028059482574,0.1910872608423233
17024000.0,-191.83465576171875,0.39740443229675293,0.4109312891960144,0.013526874594390392,0.11952214688062668,77.64535522460938,0.09147446602582932,0.19183465838432312
17152000.0,-203.0455780029297,0.39456814527511597,0.4090539813041687,0.014485781081020832,0.11826042085886002,75.53025817871094,0.09150058776140213,0.20304559171199799
17280000.0,-168.85678100585938,0.39466533064842224,0.4114750623703003,0.01680968888103962,0.11995574086904526,77.6402816772461,0.09144645184278488,0.16885678470134735
17408000.0,-188.65365600585938,0.3954625427722931,0.4096711575984955,0.014208594337105751,0.1195078194141388,77.43376922607422,0.09139522165060043,0.18865366280078888
17536000.0,-174.87240600585938,0.4009561240673065,0.4142586290836334,0.013302500359714031,0.11963542550802231,78.16161346435547,0.0919884517788887,0.17487241327762604
17664000.0,-180.35939025878906,0.4028339385986328,0.41751882433891296,0.014684843830764294,0.1203216165304184,77.72197723388672,0.09230814129114151,0.1803593933582306
17792000.0,-187.85157775878906,0.40419456362724304,0.41903600096702576,0.014841406606137753,0.11833593994379044,75.9076156616211,0.09289044886827469,0.18785159289836884
17920000.0,-181.55340576171875,0.4039439260959625,0.4212813079357147,0.017337344586849213,0.11948567628860474,76.52112579345703,0.09298042953014374,0.1815534085035324
18048000.0,-171.71876525878906,0.40304598212242126,0.4210945665836334,0.018048593774437904,0.120054692029953,78.45619201660156,0.09235409647226334,0.1717187762260437
18176000.0,-176.67709350585938,0.4053347408771515,0.4244266152381897,0.019091876223683357,0.1191783994436264,76.7515869140625,0.09306975454092026,0.17667710781097412
18304000.0,-185.92840576171875,0.40473395586013794,0.4220679998397827,0.01733406074345112,0.11906120181083679,76.65166473388672,0.09309696406126022,0.18592841923236847
18432000.0,-180.80599975585938,0.40442782640457153,0.4201086759567261,0.01568078063428402,0.11989323794841766,76.5361557006836,0.0927659124135971,0.1808060109615326
18560000.0,-198.59767150878906,0.4004470705986023,0.4177781641483307,0.017331093549728394,0.11785287410020828,76.57438659667969,0.09238415956497192,0.19859768450260162
18688000.0,-166.74220275878906,0.39692068099975586,0.4148766100406647,0.01795593649148941,0.12122657150030136,78.10189056396484,0.09187227487564087,0.166742205619812
18816000.0,-183.50390625,0.39287489652633667,0.41055238246917725,0.01767749898135662,0.11959896981716156,78.19068908691406,0.0909465104341507,0.1835039108991623
18944000.0,-189.12762451171875,0.3937862813472748,0.40991488099098206,0.016128594055771828,0.1198606863617897,77.06652069091797,0.0914236530661583,0.18912763893604279
19072000.0,-194.59637451171875,0.3895995616912842,0.4094313085079193,0.019831718876957893,0.11854817718267441,75.99899291992188,0.09099601954221725,0.19459637999534607
19200000.0,-209.61720275878906,0.3890523910522461,0.4067297577857971,0.017677344381809235,0.11873828619718552,76.24378967285156,0.0909474566578865,0.20961721241474152
19328000.0,-216.07943725585938,0.38845816254615784,0.4075227379798889,0.019064532592892647,0.11876433342695236,75.9333267211914,0.09123348444700241,0.216079443693161
19456000.0,-210.12762451171875,0.38953691720962524,0.4088945686817169,0.019357655197381973,0.11759896576404572,76.43975830078125,0.09093494713306427,0.21012763679027557
19584000.0,-206.56381225585938,0.388320654630661,0.40775319933891296,0.01943250000476837,0.11849088966846466,75.52689361572266,0.0910864919424057,0.2065638154745102
19712000.0,-209.02474975585938,0.3844851851463318,0.40680864453315735,0.02232343703508377,0.11890104413032532,76.42876434326172,0.09055747091770172,0.20902475714683533
19840000.0,-210.78387451171875,0.38846614956855774,0.4099367558956146,0.021470624953508377,0.11857552081346512,76.32054138183594,0.09072782099246979,0.21078388392925262
19968000.0,-194.44143676757812,0.39087802171707153,0.410876601934433,0.019998593255877495,0.11873958259820938,76.7972412109375,0.09092038124799728,0.19444145262241364
20096000.0,-205.23309326171875,0.3846418857574463,0.4096836447715759,0.025041718035936356,0.11786849796772003,76.89163208007812,0.09002923220396042,0.20523309707641602
20224000.0,-205.46096801757812,0.38518986105918884,0.410626620054245,0.02543671987950802,0.1170039102435112,76.09857177734375,0.09056057035923004,0.20546098053455353
20352000.0,-201.36849975585938,0.3901126980781555,0.4148867726325989,0.024774061515927315,0.11865105479955673,76.92047882080078,0.09095178544521332,0.201368510723114
20480000.0,-185.45443725585938,0.38723504543304443,0.41338521242141724,0.026150155812501907,0.1198229268193245,77.60868835449219,0.09073663502931595,0.18545444309711456
20608000.0,-194.4140625,0.38427019119262695,0.4103531837463379,0.026082968339323997,0.11859896034002304,77.52301788330078,0.09049702435731888,0.19441406428813934
20736000.0,-196.85678100585938,0.3851200342178345,0.41165316104888916,0.026533126831054688,0.11908594518899918,77.760498046875,0.09001916646957397,0.1968567967414856
20864000.0,-178.88282775878906,0.3877411186695099,0.4135359823703766,0.025794843211770058,0.1198645830154419,79.31548309326172,0.09060933440923691,0.17888283729553223
20992000.0,-167.74481201171875,0.391403466463089,0.41569069027900696,0.024287186563014984,0.12078385800123215,80.22127532958984,0.09064389020204544,0.16774481534957886
21120000.0,-175.50131225585938,0.38922518491744995,0.4170469343662262,0.027821719646453857,0.11998698860406876,80.53479766845703,0.09047343581914902,0.17550131678581238
21248000.0,-175.56512451171875,0.389995813369751,0.42036017775535583,0.030364375561475754,0.11975131183862686,80.65676879882812,0.09057967364788055,0.17556513845920563
21376000.0,-172.93099975585938,0.38524672389030457,0.4155484735965729,0.030301721766591072,0.11919662356376648,79.61054229736328,0.09012201428413391,0.1729310005903244
21504000.0,-185.64584350585938,0.38483282923698425,0.414093017578125,0.02926015667617321,0.11968230456113815,79.4854507446289,0.0901167020201683,0.18564584851264954
21632000.0,-166.20445251464844,0.38786861300468445,0.41709694266319275,0.02922828122973442,0.1205533966422081,80.72715759277344,0.09037932008504868,0.16620446741580963
21760000.0,-178.22657775878906,0.3858118951320648,0.4170266389846802,0.03121468797326088,0.1198815181851387,80.3353042602539,0.09045305103063583,0.17822659015655518
21888000.0,-164.43621826171875,0.38977766036987305,0.41956332325935364,0.029785625636577606,0.12008985131978989,81.14266967773438,0.09076957404613495,0.1644362211227417
22016000.0,-177.05990600585938,0.39205673336982727,0.42123445868492126,0.029177658259868622,0.11999350041151047,80.71001434326172,0.09089285135269165,0.17705991864204407
22144000.0,-164.03515625,0.39114129543304443,0.42088520526885986,0.02974390611052513,0.11966797709465027,81.37110137939453,0.09036123752593994,0.16403517127037048
22272000.0,-178.71876525878906,0.3930986225605011,0.4216844141483307,0.028585782274603844,0.1198125034570694,79.04562377929688,0.09111099690198898,0.17871877551078796
22400000.0,-186.42059326171875,0.3984511196613312,0.42691725492477417,0.02846609242260456,0.11892188340425491,79.00153350830078,0.09205096960067749,0.18642060458660126
22528000.0,-173.33204650878906,0.39746034145355225,0.4272758364677429,0.029815468937158585,0.12090365588665009,80.45964813232422,0.09165868163108826,0.17333205044269562
22656000.0,-168.00001525878906,0.3939954936504364,0.42545241117477417,0.031456876546144485,0.12166016548871994,80.9356689453125,0.09123943001031876,0.1680000275373459
22784000.0,-168.84767150878906,0.3938862681388855,0.42506179213523865,0.03117546997964382,0.12072917819023132,81.07734680175781,0.0911603718996048,0.1688476800918579
22912000.0,-161.64715576171875,0.39380109310150146,0.4246375262737274,0.030836407095193863,0.12045051902532578,81.93656158447266,0.0908217802643776,0.16164717078208923
23040000.0,-173.22267150878906,0.39356863498687744,0.42554065585136414,0.03197203204035759,0.12006901204586029,80.54170227050781,0.0911487266421318,0.17322267591953278
23168000.0,-173.32293701171875,0.3898375332355499,0.4204367995262146,0.030599219724535942,0.11970183253288269,80.58293914794922,0.09044339507818222,0.17332294583320618
23296000.0,-171.37240600585938,0.38600021600723267,0.4179094433784485,0.03190921992063522,0.11944402009248734,81.2569351196289,0.09011232107877731,0.1713724136352539
23424000.0,-178.78257751464844,0.38501986861228943,0.41647738218307495,0.03145749866962433,0.11988933384418488,80.485595703125,0.0900888666510582,0.17878258228302002
23552000.0,-192.13543701171875,0.38460689783096313,0.4163430333137512,0.0317360945045948,0.11943621188402176,78.77632141113281,0.09035098552703857,0.19213545322418213
23680000.0,-177.49740600585938,0.3876948654651642,0.41866177320480347,0.030966876074671745,0.1201901063323021,81.2268295288086,0.09027919173240662,0.17749741673469543
23808000.0,-181.48959350585938,0.3845943808555603,0.41719692945480347,0.03260250389575958,0.12109115719795227,80.94979095458984,0.08990596979856491,0.18148960173130035
23936000.0,-174.78125,0.3848400115966797,0.41592738032341003,0.031087342649698257,0.1198502704501152,81.57528686523438,0.08988339453935623,0.17478126287460327
24064000.0,-178.19012451171875,0.38446906208992004,0.41647660732269287,0.032007500529289246,0.12024609744548798,80.97494506835938,0.0898149162530899,0.17819012701511383
24192000.0,-168.11849975585938,0.3843958079814911,0.4153875708580017,0.030991720035672188,0.12130209058523178,81.18055725097656,0.08964350074529648,0.16811850666999817
24320000.0,-164.10809326171875,0.3823184669017792,0.41558364033699036,0.03326515853404999,0.12047005444765091,79.91971588134766,0.09005549550056458,0.16410809755325317
24448000.0,-189.63803100585938,0.3808589279651642,0.41319540143013,0.03233640640974045,0.11910547316074371,79.33967590332031,0.0896143764257431,0.18963803350925446
24576000.0,-202.87240600585938,0.3817470669746399,0.41317427158355713,0.031427185982465744,0.11959114670753479,79.74701690673828,0.08944451808929443,0.2028724104166031
24704000.0,-178.68231201171875,0.38311049342155457,0.4145297408103943,0.031419217586517334,0.11998698115348816,81.48534393310547,0.08964834362268448,0.1786823272705078
24832000.0,-168.15496826171875,0.3812353312969208,0.41287192702293396,0.0316365621984005,0.12073437869548798,81.9238510131836,0.08938762545585632,0.16815496981143951
24960000.0,-181.22528076171875,0.3831903338432312,0.4150484800338745,0.03185812383890152,0.12029688060283661,80.0986099243164,0.08987303823232651,0.18122528493404388
25088000.0,-172.27474975585938,0.38262030482292175,0.4132828712463379,0.030662499368190765,0.12042579054832458,81.63623809814453,0.08955813199281693,0.17227475345134735
25216000.0,-173.25914001464844,0.38420721888542175,0.4146086573600769,0.030401406809687614,0.11998308449983597,81.72904968261719,0.08967574685811996,0.17325915396213531
25344000.0,-181.48960876464844,0.38197144865989685,0.4120875298976898,0.030116094276309013,0.12077604979276657,81.84663391113281,0.08948993682861328,0.18148961663246155
25472000.0,-179.60289001464844,0.38076144456863403,0.4121226966381073,0.03136125206947327,0.120947927236557,80.93822479248047,0.0893963947892189,0.17960289120674133
25600000.0,-182.00912475585938,0.3797951936721802,0.41202738881111145,0.03223218768835068,0.11887110024690628,80.59962463378906,0.08918550610542297,0.18200913071632385
25728000.0,-179.63934326171875,0.38176754117012024,0.41450241208076477,0.032734841108322144,0.12083594501018524,83.0300064086914,0.08937099575996399,0.17963935434818268
25856000.0,-175.26434326171875,0.3799820840358734,0.41262349486351013,0.03264140337705612,0.12010026723146439,82.1583023071289,0.08918111771345139,0.1752643585205078
25984000.0,-192.21746826171875,0.37819597125053406,0.4122586250305176,0.03406265377998352,0.11950652301311493,80.52626037597656,0.08927544206380844,0.19221748411655426
26112000.0,-174.32554626464844,0.3805004954338074,0.4128046929836273,0.03230421990156174,0.11972266435623169,82.62049102783203,0.08920785784721375,0.17432555556297302
26240000.0,-195.24349975585938,0.3817031681537628,0.4138360023498535,0.032132815569639206,0.12027344107627869,80.91646575927734,0.08953920751810074,0.19524350762367249
26368000.0,-182.32814025878906,0.3809666037559509,0.41344693303108215,0.03248031437397003,0.12104558199644089,82.2406234741211,0.08925353735685349,0.18232814967632294
26496000.0,-177.15106201171875,0.38249439001083374,0.4128195643424988,0.030325155705213547,0.12147786468267441,84.03897857666016,0.08896991610527039,0.17715106904506683
26624000.0,-180.11329650878906,0.38135799765586853,0.41165393590927124,0.03029593639075756,0.1196914091706276,83.89329528808594,0.0888364389538765,0.1801133006811142
26752000.0,-184.04168701171875,0.3791276812553406,0.40919771790504456,0.030069999396800995,0.12059246003627777,82.1208267211914,0.0890524759888649,0.18404169380664825
26880000.0,-191.09637451171875,0.38014453649520874,0.40899068117141724,0.028846094384789467,0.12023047357797623,82.42425537109375,0.0885360911488533,0.19109638035297394
27008000.0,-183.83204650878906,0.37718379497528076,0.4069008231163025,0.029717031866312027,0.12024739384651184,83.53853607177734,0.08876172453165054,0.183832049369812
27136000.0,-191.69793701171875,0.37708863615989685,0.407305508852005,0.030216874554753304,0.12088542431592941,82.42796325683594,0.08866459131240845,0.19169794023036957
27264000.0,-163.82554626464844,0.3796822130680084,0.4083414375782013,0.028659218922257423,0.12208854407072067,84.083251953125,0.08882488310337067,0.16382555663585663
27392000.0,-184.15106201171875,0.3805569112300873,0.40722817182540894,0.02667125128209591,0.12084897607564926,83.1151351928711,0.08900648355484009,0.1841510683298111
27520000.0,-188.45315551757812,0.37890908122062683,0.40567347407341003,0.02676437422633171,0.12168489396572113,83.51399993896484,0.0887681171298027,0.18845316767692566
27648000.0,-174.38934326171875,0.3803761303424835,0.40632426738739014,0.02594812586903572,0.12183073908090591,83.45304870605469,0.08889804035425186,0.17438934743404388
27776000.0,-181.82684326171875,0.3830658197402954,0.40954849123954773,0.026482656598091125,0.1205533966422081,84.26343536376953,0.08899553120136261,0.18182684481143951
27904000.0,-180.86068725585938,0.38270533084869385,0.40916022658348083,0.02645484358072281,0.12199869751930237,83.74658966064453,0.08921463787555695,0.180860698223114
28032000.0,-181.33465576171875,0.37855860590934753,0.4060976803302765,0.02753906324505806,0.12067058682441711,84.02979278564453,0.08848870545625687,0.18133465945720673
28160000.0,-168.49221801757812,0.384886234998703,0.4094563126564026,0.024570001289248466,0.12267057597637177,85.1055679321289,0.08912426978349686,0.16849222779273987
28288000.0,-184.27867126464844,0.3808991014957428,0.40720316767692566,0.026304062455892563,0.12111198902130127,83.76673126220703,0.08859066665172577,0.1842786818742752
28416000.0,-198.48829650878906,0.38082876801490784,0.4079883098602295,0.02715953253209591,0.12058594077825546,83.37841796875,0.08884353935718536,0.19848830997943878
28544000.0,-174.02476501464844,0.3761909306049347,0.40536096692085266,0.029169999063014984,0.12033984810113907,82.89131927490234,0.08846976608037949,0.1740247756242752
28672000.0,-193.61199951171875,0.3799934983253479,0.406970351934433,0.026976875960826874,0.12111719697713852,82.53109741210938,0.08868487179279327,0.1936120092868805
28800000.0,-188.42579650878906,0.37778440117836,0.4057484567165375,0.027964062988758087,0.12174219638109207,83.17711639404297,0.0887526422739029,0.18842580914497375
28928000.0,-170.01434326171875,0.3811536431312561,0.40841177105903625,0.027258126065135002,0.12229818850755692,84.77233123779297,0.0887303352355957,0.17001435160636902
29056000.0,-190.23959350585938,0.37829330563545227,0.4063453674316406,0.028052030131220818,0.12107162177562714,82.372802734375,0.08864831924438477,0.19023960828781128
29184000.0,-171.91928100585938,0.382547527551651,0.4084516167640686,0.025904063135385513,0.12188151478767395,84.04725646972656,0.08899695426225662,0.17191928625106812
29312000.0,-155.33987426757812,0.3875373601913452,0.40943288803100586,0.02189546823501587,0.12269531935453415,86.48461151123047,0.08929292857646942,0.15533988177776337
29440000.0,-165.08334350585938,0.3870614171028137,0.41138675808906555,0.024325311183929443,0.12289714813232422,84.48265075683594,0.08959871530532837,0.16508334875106812
29568000.0,-172.83987426757812,0.38840827345848083,0.41265082359313965,0.024242501705884933,0.12230599671602249,84.96891784667969,0.08970797061920166,0.17283987998962402
29696000.0,-168.68360900878906,0.38851362466812134,0.411038339138031,0.02252468839287758,0.12258724868297577,85.57317352294922,0.08969505876302719,0.16868361830711365
29824000.0,-174.17059326171875,0.38597628474235535,0.40962427854537964,0.023647969588637352,0.12295183539390564,85.10118103027344,0.08904050290584564,0.1741705983877182
29952000.0,-164.00782775878906,0.3839576840400696,0.40569931268692017,0.021741563454270363,0.12419793009757996,86.04837036132812,0.08891595155000687,0.16400784254074097
30080000.0,-160.06121826171875,0.3843412697315216,0.4080703556537628,0.02372906170785427,0.12333334982395172,85.92330932617188,0.08935996145009995,0.16006122529506683
30208000.0,-180.42318725585938,0.38202986121177673,0.4055539667606354,0.02352406270802021,0.12174870818853378,84.31963348388672,0.08854175359010696,0.18042320013046265
30336000.0,-175.76565551757812,0.3811620771884918,0.4064961075782776,0.025334062054753304,0.12207552790641785,84.1968994140625,0.08885671198368073,0.17576566338539124
30464000.0,-164.39974975585938,0.38721081614494324,0.41153520345687866,0.02432437427341938,0.12237630784511566,85.20862579345703,0.08935454487800598,0.16439975798130035
30592000.0,-160.94534301757812,0.3868078291416168,0.4113570749759674,0.024549217894673347,0.1237773522734642,85.24330139160156,0.08925905078649521,0.1609453558921814
30720000.0,-168.17320251464844,0.385554701089859,0.4117633104324341,0.02620859257876873,0.12167578935623169,84.70852661132812,0.08926370739936829,0.16817320883274078
30848000.0,-168.25521850585938,0.38755860924720764,0.41419923305511475,0.026640625670552254,0.12163282185792923,84.6876449584961,0.0896378755569458,0.16825522482395172
30976000.0,-163.82553100585938,0.38912129402160645,0.41473597288131714,0.02561468631029129,0.1224440187215805,84.77812194824219,0.0898328423500061,0.16382554173469543
31104000.0,-179.10157775878906,0.3891330063343048,0.4138617515563965,0.024728750810027122,0.12194401770830154,83.89073944091797,0.08975036442279816,0.1791015863418579
31232000.0,-161.65626525878906,0.38827595114707947,0.4130508005619049,0.024774841964244843,0.12192708253860474,84.96144104003906,0.08949519693851471,0.16165627539157867
31360000.0,-166.96095275878906,0.3839625120162964,0.41186487674713135,0.02790234424173832,0.12279558181762695,84.69878387451172,0.08942160755395889,0.1669609546661377
31488000.0,-159.45053100585938,0.3853789269924164,0.4136461317539215,0.028267187997698784,0.12260417640209198,84.5327377319336,0.08936510235071182,0.15945054590702057
31616000.0,-157.0533905029297,0.38330990076065063,0.4104906916618347,0.027180781587958336,0.12300001084804535,85.04625701904297,0.08887466043233871,0.1570533961057663
31744000.0,-164.60939025878906,0.38911595940589905,0.4153609871864319,0.0262449998408556,0.1222604289650917,85.9516372680664,0.08985585719347,0.1646094024181366
31872000.0,-167.33465576171875,0.3856475055217743,0.4138047695159912,0.0281571876257658,0.12159766256809235,85.25472259521484,0.08910346031188965,0.1673346608877182
32000000.0,-166.19534301757812,0.38849860429763794,0.4135461747646332,0.025047501549124718,0.12191276252269745,84.66939544677734,0.08989418298006058,0.166195347905159
32128000.0,-161.15496826171875,0.38898348808288574,0.4151453375816345,0.02616187371313572,0.12272266298532486,85.8711929321289,0.08973813056945801,0.16115497052669525
32256000.0,-157.70965576171875,0.3911353349685669,0.415759414434433,0.024624062702059746,0.1216445341706276,84.95181274414062,0.08992625027894974,0.15770965814590454
32384000.0,-155.59506225585938,0.39124518632888794,0.41496020555496216,0.023714998736977577,0.1220807433128357,85.56961822509766,0.09009473025798798,0.155595064163208
32512000.0,-163.33334350585938,0.38667675852775574,0.41276100277900696,0.02608421817421913,0.12191537022590637,84.80500030517578,0.08949562907218933,0.16333335638046265
32640000.0,-151.73046875,0.38843411207199097,0.4129086136817932,0.024474531412124634,0.12281902134418488,85.3514404296875,0.0894351378083229,0.151730477809906
32768000.0,-157.6549530029297,0.38659876585006714,0.41053205728530884,0.023933282122015953,0.12263542413711548,85.3561782836914,0.08930996805429459,0.15765495598316193
32896000.0,-142.87112426757812,0.3872734606266022,0.4096648693084717,0.022391406819224358,0.12264453619718552,86.51010131835938,0.08887208998203278,0.14287112653255463
33024000.0,-160.28907775878906,0.38772347569465637,0.41093677282333374,0.023213280364871025,0.1230468824505806,85.517822265625,0.08935262262821198,0.16028907895088196
33152000.0,-164.41798400878906,0.38544800877571106,0.40989693999290466,0.024448907002806664,0.12164714932441711,84.87316131591797,0.08899304270744324,0.16441799700260162
33280000.0,-157.62762451171875,0.382442831993103,0.4071391224861145,0.02469624951481819,0.12166277319192886,84.87591552734375,0.0889272689819336,0.1576276272535324
33408000.0,-165.94924926757812,0.3812530040740967,0.4088734984397888,0.0276204701513052,0.12177865207195282,84.05215454101562,0.08885911852121353,0.1659492552280426
33536000.0,-147.66537475585938,0.3806295692920685,0.4075031876564026,0.026873594149947166,0.12213021516799927,84.96817016601562,0.08852331340312958,0.1476653814315796
33664000.0,-165.57553100585938,0.378675639629364,0.4059023857116699,0.02722672000527382,0.12190625816583633,84.66524505615234,0.0882389023900032,0.1655755341053009
33792000.0,-154.41017150878906,0.3769751787185669,0.4044930040836334,0.027517812326550484,0.12138151377439499,84.23489379882812,0.08828474581241608,0.15441018342971802
33920000.0,-158.51173400878906,0.3733753263950348,0.40138912200927734,0.028013749048113823,0.12227083742618561,85.43363189697266,0.0876498594880104,0.15851174294948578
34048000.0,-161.39193725585938,0.3739086389541626,0.39983755350112915,0.025928907096385956,0.12221615016460419,84.20561218261719,0.08769078552722931,0.161391943693161
34176000.0,-170.8619842529297,0.37092629075050354,0.3967929780483246,0.025866718962788582,0.12258334457874298,83.15318298339844,0.08768908679485321,0.17086198925971985
34304000.0,-165.62110900878906,0.37795233726501465,0.4042234718799591,0.026271093636751175,0.12168359756469727,83.9097900390625,0.08837137371301651,0.16562111675739288
34432000.0,-153.25262451171875,0.3781706392765045,0.405318021774292,0.027147343382239342,0.12227734923362732,85.4431381225586,0.08808474987745285,0.15325263142585754
34560000.0,-156.14193725585938,0.3768962621688843,0.4051656424999237,0.02826937474310398,0.12135547399520874,83.16793060302734,0.08850251883268356,0.1561419516801834
34688000.0,-161.13674926757812,0.3820006549358368,0.4111812710762024,0.029180625453591347,0.1218450590968132,84.28858184814453,0.08912599086761475,0.16113676130771637
34816000.0,-158.81253051757812,0.38067880272865295,0.4095211327075958,0.028842343017458916,0.12277214229106903,84.19615936279297,0.08912891149520874,0.1588125377893448
34944000.0,-154.80209350585938,0.38170546293258667,0.41051799058914185,0.028812499716877937,0.1222916767001152,83.59088134765625,0.08905436843633652,0.1548020988702774
35072000.0,-153.14324951171875,0.38306766748428345,0.41191646456718445,0.02884874865412712,0.12068621069192886,84.37149047851562,0.08897893875837326,0.1531432569026947
35200000.0,-157.3541717529297,0.38039642572402954,0.4101734757423401,0.029777033254504204,0.12101823091506958,84.72722625732422,0.08864201605319977,0.1573541760444641
35328000.0,-157.29949951171875,0.382891446352005,0.41268208622932434,0.029790624976158142,0.12127344310283661,83.71762084960938,0.08929182589054108,0.15729950368404388
35456000.0,-152.85157775878906,0.37889736890792847,0.40898674726486206,0.030089376494288445,0.12183073908090591,84.63928985595703,0.08838143944740295,0.15285158157348633
35584000.0,-161.75653076171875,0.37665626406669617,0.40656253695487976,0.029906250536441803,0.12060156464576721,82.96621704101562,0.08844701945781708,0.16175654530525208
35712000.0,-161.19140625,0.3790922164916992,0.4084773659706116,0.02938515692949295,0.12188412249088287,82.8320541381836,0.08887045830488205,0.1611914187669754
35840000.0,-154.55601501464844,0.36376407742500305,0.3924461305141449,0.028682030737400055,0.12177994847297668,83.08416748046875,0.08672801405191422,0.1545560210943222
35968000.0,-160.21615600585938,0.3556128442287445,0.38600003719329834,0.030387189239263535,0.12168359756469727,81.89217376708984,0.08591679483652115,0.16021616756916046
36096000.0,-173.55990600585938,0.357895165681839,0.38868752121925354,0.030792342498898506,0.12040625512599945,81.29570007324219,0.0864109918475151,0.17355991899967194
36224000.0,-166.96095275878906,0.3612643778324127,0.392404705286026,0.031140312552452087,0.12112761288881302,80.97313690185547,0.08688514679670334,0.1669609546661377
36352000.0,-177.08724975585938,0.35915470123291016,0.390703946352005,0.03154921904206276,0.12250391393899918,81.5840072631836,0.08657024055719376,0.17708726227283478
36480000.0,-153.91796875,0.3675042688846588,0.39674144983291626,0.029237188398838043,0.12160938233137131,83.21251678466797,0.08731323480606079,0.15391798317432404
36608000.0,-172.18360900878906,0.3531706631183624,0.3847929835319519,0.03162234276533127,0.12179557979106903,81.3727798461914,0.08582334220409393,0.17218361794948578
36736000.0,-174.71746826171875,0.34860315918922424,0.3802148699760437,0.031611718237400055,0.1218346357345581,81.36853790283203,0.08486943691968918,0.1747174710035324
36864000.0,-166.60548400878906,0.3447204828262329,0.3768758177757263,0.03215531259775162,0.12171875685453415,81.28761291503906,0.08450979739427567,0.16660548746585846
36992000.0,-165.0377655029297,0.34865114092826843,0.3800797164440155,0.03142859414219856,0.1233098953962326,81.29765319824219,0.0850175991654396,0.16503776609897614
37120000.0,-183.26693725585938,0.34911033511161804,0.38009923696517944,0.03098890744149685,0.12142448872327805,80.36204528808594,0.0850631445646286,0.18326695263385773
37248000.0,-158.99481201171875,0.3351150155067444,0.3675914406776428,0.032476406544446945,0.12302996218204498,81.99363708496094,0.08341258764266968,0.15899482369422913
37376000.0,-174.61720275878906,0.3447372019290924,0.37751564383506775,0.032778434455394745,0.12133203446865082,80.71353912353516,0.08445803821086884,0.1746172159910202
37504000.0,-167.25262451171875,0.34293660521507263,0.3759422302246094,0.03300562500953674,0.12094010412693024,80.83734893798828,0.08451522141695023,0.16725262999534607
37632000.0,-159.30471801757812,0.3453376591205597,0.37666255235671997,0.0313248448073864,0.12176824361085892,82.7703628540039,0.08413811028003693,0.15930472314357758
37760000.0,-168.45574951171875,0.3609789311885834,0.3915461301803589,0.030567187815904617,0.12006380409002304,82.2584228515625,0.08617161214351654,0.16845576465129852
37888000.0,-165.62110900878906,0.3545258343219757,0.385952353477478,0.0314265638589859,0.12179557979106903,82.0029067993164,0.08563525974750519,0.16562111675739288
38016000.0,-157.00784301757812,0.3530174195766449,0.3868766129016876,0.033859215676784515,0.1222226619720459,82.9366226196289,0.08543134480714798,0.1570078432559967
38144000.0,-160.33465576171875,0.35699254274368286,0.3910094201564789,0.03401687741279602,0.12189844250679016,82.45308685302734,0.08623941242694855,0.16033466160297394
38272000.0,-158.05599975585938,0.36549705266952515,0.39766407012939453,0.03216703236103058,0.12209636718034744,82.17201232910156,0.08731193095445633,0.15805600583553314
38400000.0,-159.51434326171875,0.3625812828540802,0.396185964345932,0.033604688942432404,0.12177864462137222,82.62042236328125,0.08686622232198715,0.15951435267925262
38528000.0,-154.2369842529297,0.35986006259918213,0.3942258059978485,0.034365780651569366,0.12145312875509262,82.7038345336914,0.08654087036848068,0.15423698723316193
38656000.0,-163.87112426757812,0.3658221960067749,0.39849767088890076,0.032675471156835556,0.12191927433013916,81.5455322265625,0.08732984215021133,0.1638711392879486
38784000.0,-155.63153076171875,0.36742815375328064,0.40010860562324524,0.03268046677112579,0.12148308008909225,81.67613220214844,0.0874568521976471,0.15563154220581055
38912000.0,-157.47267150878906,0.3690628409385681,0.4020187556743622,0.03295593336224556,0.12004557251930237,82.27012634277344,0.0877399817109108,0.15747268497943878
39040000.0,-158.11070251464844,0.36968082189559937,0.4009226858615875,0.031241875141859055,0.12108854949474335,81.77253723144531,0.08750433474779129,0.15811070799827576
39168000.0,-157.62762451171875,0.3706631660461426,0.40149378776550293,0.03083062544465065,0.12059246003627777,82.14470672607422,0.08791916817426682,0.1576276272535324
39296000.0,-159.65106201171875,0.37484845519065857,0.40493205189704895,0.030083592981100082,0.12089063227176666,82.3478775024414,0.08797109127044678,0.15965107083320618
39424000.0,-150.46356201171875,0.3722033202648163,0.402135968208313,0.02993265725672245,0.12170053273439407,82.08212280273438,0.08790669590234756,0.15046356618404388
39552000.0,-155.63153076171875,0.3703092634677887,0.401653915643692,0.031344685703516006,0.12208984792232513,83.26044464111328,0.08779323101043701,0.15563154220581055
39680000.0,-155.72267150878906,0.3770707845687866,0.40869221091270447,0.031621407717466354,0.12253646552562714,83.46803283691406,0.08841317147016525,0.15572267770767212
39808000.0,-152.75131225585938,0.3783840537071228,0.41066643595695496,0.03228234127163887,0.12153907120227814,81.9962387084961,0.08894255012273788,0.15275132656097412
39936000.0,-149.05081176757812,0.37421125173568726,0.4067000448703766,0.03248874843120575,0.12135156989097595,82.35822296142578,0.08849059045314789,0.14905081689357758
40064000.0,-165.01043701171875,0.3683709502220154,0.4002210795879364,0.03185015544295311,0.12179818004369736,82.02417755126953,0.08744733035564423,0.1650104522705078
40192000.0,-166.82423400878906,0.37621456384658813,0.40811800956726074,0.03190343454480171,0.12139324098825455,80.25640106201172,0.08877388387918472,0.16682423651218414
40320000.0,-144.49349975585938,0.3875900208950043,0.42026954889297485,0.03267953172326088,0.12166016548871994,83.82023620605469,0.09017559885978699,0.14449350535869598
40448000.0,-153.07032775878906,0.3966428339481354,0.4259718954563141,0.02932906337082386,0.12105859816074371,81.40501403808594,0.09166350960731506,0.153070330619812
40576000.0,-152.01303100585938,0.38752439618110657,0.41843360662460327,0.03090921975672245,0.12027473747730255,82.70470428466797,0.08993243426084518,0.15201303362846375
40704000.0,-157.5182342529297,0.38595956563949585,0.4153890907764435,0.02942953258752823,0.12121615558862686,82.71481323242188,0.0896914079785347,0.15751823782920837
40832000.0,-146.47137451171875,0.3826409578323364,0.41175001859664917,0.029109064489603043,0.12128516286611557,82.9679946899414,0.08923197537660599,0.14647138118743896
40960000.0,-157.16278076171875,0.38561612367630005,0.41551879048347473,0.029902657493948936,0.12147136777639389,81.95189666748047,0.09022090584039688,0.15716278553009033
41088000.0,-164.9830780029297,0.3757619261741638,0.40637892484664917,0.030617032200098038,0.12050390988588333,81.36544036865234,0.08851425349712372,0.16498307883739471
41216000.0,-147.88412475585938,0.38764193654060364,0.4153984785079956,0.02775656245648861,0.12178647518157959,82.08181762695312,0.08989648520946503,0.14788413047790527
41344000.0,-156.39715576171875,0.37162408232688904,0.4006945490837097,0.029070468619465828,0.12165495753288269,82.28096771240234,0.08808329701423645,0.15639716386795044
41472000.0,-162.40365600585938,0.3818404972553253,0.4071086049079895,0.025268124416470528,0.12073437869548798,82.14645385742188,0.08910167217254639,0.1624036580324173
41600000.0,-142.05990600585938,0.37779489159584045,0.40588051080703735,0.028085626661777496,0.12264714390039444,82.26579284667969,0.0887499749660492,0.14205990731716156
41728000.0,-156.94403076171875,0.38046005368232727,0.4065359830856323,0.02607593685388565,0.12044401466846466,82.37940216064453,0.0889417752623558,0.15694403648376465
41856000.0,-157.43621826171875,0.3903944194316864,0.41624921560287476,0.025854842737317085,0.12205860018730164,81.90919494628906,0.09023721516132355,0.15743622183799744
41984000.0,-165.3932342529297,0.3868742287158966,0.41442033648490906,0.027546094730496407,0.11994792520999908,82.35511779785156,0.08962804824113846,0.16539324820041656
42112000.0,-159.99740600585938,0.3895873725414276,0.41828206181526184,0.02869468741118908,0.12109246104955673,81.68054962158203,0.09024791419506073,0.15999741852283478
42240000.0,-163.20574951171875,0.38068845868110657,0.4073500335216522,0.02666156180202961,0.12175652384757996,81.48918914794922,0.0892554298043251,0.16320575773715973
42368000.0,-157.82814025878906,0.37532302737236023,0.4029320776462555,0.02760906331241131,0.12070964276790619,80.92805480957031,0.08834540098905563,0.15782815217971802
42496000.0,-157.53646850585938,0.38924673199653625,0.4159664213657379,0.02671968750655651,0.12076433002948761,82.33342742919922,0.08990993350744247,0.15753647685050964
42624000.0,-149.97137451171875,0.3923729956150055,0.4184882938861847,0.026115311309695244,0.12070182710886002,81.3884048461914,0.09084976464509964,0.1499713808298111
42752000.0,-170.1237030029297,0.38861438632011414,0.41587033867836,0.027255937457084656,0.1204804852604866,80.52436065673828,0.09003418684005737,0.17012371122837067
42880000.0,-153.79949951171875,0.3814718723297119,0.40860316157341003,0.027131251990795135,0.12036719173192978,80.88263702392578,0.08970692753791809,0.15379950404167175
43008000.0,-156.79818725585938,0.39252254366874695,0.41665157675743103,0.02412906289100647,0.12259114533662796,80.99466705322266,0.09061254560947418,0.15679819881916046
43136000.0,-147.82943725585938,0.3998187780380249,0.42473751306533813,0.024918749928474426,0.12130469083786011,80.73492431640625,0.0919613167643547,0.14782944321632385
43264000.0,-159.43231201171875,0.4016073942184448,0.4252679944038391,0.023660626262426376,0.12068621069192886,80.92768096923828,0.09177456796169281,0.1594323217868805
43392000.0,-157.84637451171875,0.40138983726501465,0.42372190952301025,0.02233203314244747,0.12165886163711548,81.63809204101562,0.09161005169153214,0.1578463762998581
43520000.0,-154.71095275878906,0.39111971855163574,0.41513127088546753,0.024011563509702682,0.12011850625276566,81.39967346191406,0.09084998071193695,0.15471096336841583
43648000.0,-154.35549926757812,0.4031989276409149,0.4261062741279602,0.02290734462440014,0.12211979925632477,82.0226821899414,0.09198255836963654,0.1543555110692978
43776000.0,-140.1549530029297,0.41214719414711,0.43365082144737244,0.021503593772649765,0.12246615439653397,82.7253646850586,0.09315729141235352,0.14015495777130127
43904000.0,-141.88673400878906,0.419363796710968,0.4388711154460907,0.01950734481215477,0.12258855253458023,81.59164428710938,0.09405270963907242,0.14188674092292786
44032000.0,-153.07032775878906,0.4148448705673218,0.43542739748954773,0.020582498982548714,0.12111719697713852,83.03501892089844,0.0931006371974945,0.153070330619812
44160000.0,-147.51043701171875,0.4232228696346283,0.4437906742095947,0.020567812025547028,0.12111328542232513,83.7570571899414,0.09399070590734482,0.14751043915748596
44288000.0,-140.44662475585938,0.4183206260204315,0.4403781294822693,0.02205749973654747,0.12224870920181274,82.65662384033203,0.09422440081834793,0.14044663310050964
44416000.0,-146.79949951171875,0.4179728627204895,0.4398711025714874,0.021898282691836357,0.12169141322374344,81.33885955810547,0.09413130581378937,0.1467995047569275
44544000.0,-151.33856201171875,0.4212789535522461,0.44240084290504456,0.021121874451637268,0.12127605080604553,82.20182800292969,0.09427977353334427,0.15133856236934662
44672000.0,-135.296875,0.41986238956451416,0.4428258240222931,0.02296343632042408,0.12116146087646484,83.12865447998047,0.09438667446374893,0.13529688119888306
44800000.0,-133.69271850585938,0.42838552594184875,0.45011410117149353,0.021728593856096268,0.12112630903720856,83.48551177978516,0.09490536898374557,0.13369272649288177
44928000.0,-154.40106201171875,0.42212140560150146,0.4442000389099121,0.02207859605550766,0.12025652080774307,81.21812438964844,0.09513166546821594,0.15440106391906738
45056000.0,-135.16015625,0.4243389070034027,0.44658908247947693,0.022250156849622726,0.12156511843204498,83.27656555175781,0.09460115432739258,0.1351601630449295
45184000.0,-139.5533905029297,0.43021175265312195,0.4515484571456909,0.021336719393730164,0.12074089795351028,82.63815307617188,0.09526637941598892,0.13955339789390564
45312000.0,-141.13934326171875,0.43657487630844116,0.45562344789505005,0.019048593938350677,0.12034766376018524,82.58995056152344,0.0962858647108078,0.14113934338092804
45440000.0,-142.91665649414062,0.4212583303451538,0.44166332483291626,0.0204050000756979,0.12082032114267349,82.38092041015625,0.09421961009502411,0.14291666448116302
45568000.0,-139.48048400878906,0.42829081416130066,0.4493429958820343,0.02105218544602394,0.1216406300663948,83.57239532470703,0.09472425282001495,0.13948048651218414
45696000.0,-162.63153076171875,0.4344862699508667,0.4551429748535156,0.02065671980381012,0.11958464980125427,79.9190902709961,0.09643284231424332,0.1626315414905548
45824000.0,-149.26954650878906,0.4202583134174347,0.4414617419242859,0.021203437820076942,0.1216510459780693,81.43566131591797,0.09455960243940353,0.14926955103874207
45952000.0,-150.65496826171875,0.4304388165473938,0.4525672197341919,0.02212843857705593,0.12059766054153442,81.36083221435547,0.09553752094507217,0.15065497159957886
46080000.0,-143.97396850585938,0.42234891653060913,0.4434601664543152,0.021111249923706055,0.12157422304153442,82.51188659667969,0.09444789588451385,0.14397397637367249
46208000.0,-146.75392150878906,0.421101450920105,0.44178831577301025,0.02068687602877617,0.12144402414560318,80.7542495727539,0.09448974579572678,0.1467539221048355
46336000.0,-167.80860900878906,0.4158742129802704,0.4365500211715698,0.02067578211426735,0.12129036337137222,78.7940444946289,0.09462317824363708,0.1678086221218109
46464000.0,-156.08724975585938,0.4336029887199402,0.45209771394729614,0.018494686111807823,0.12097656726837158,79.80059814453125,0.09625805169343948,0.156087264418602
46592000.0,-145.04949951171875,0.42300593852996826,0.44178518652915955,0.018779220059514046,0.12223958224058151,82.52552795410156,0.09443699568510056,0.14504951238632202
46720000.0,-142.63412475585938,0.4358695447444916,0.4516875147819519,0.015817970037460327,0.12175782024860382,81.81635284423828,0.09609946608543396,0.14263413846492767
46848000.0,-145.51434326171875,0.4375436305999756,0.45301565527915955,0.015472031198441982,0.1214401125907898,82.91119384765625,0.0961480364203453,0.1455143541097641
46976000.0,-134.54949951171875,0.448387086391449,0.4641062617301941,0.01571921817958355,0.12284766137599945,83.34800720214844,0.097501240670681,0.13454949855804443
47104000.0,-138.31381225585938,0.44911253452301025,0.46447187662124634,0.015359374694526196,0.12181641161441803,82.58602905273438,0.09786979854106903,0.13831381499767303
47232000.0,-140.6197967529297,0.4335903525352478,0.450796902179718,0.01720656268298626,0.12147527188062668,82.23609161376953,0.09599128365516663,0.14061979949474335
47360000.0,-140.25521850585938,0.4304620623588562,0.4453437626361847,0.014881717972457409,0.12207161635160446,81.29743957519531,0.09578713029623032,0.14025522768497467
47488000.0,-143.2721405029297,0.4312000274658203,0.44765937328338623,0.016459373757243156,0.12240234762430191,82.05178833007812,0.09573789685964584,0.14327214658260345
47616000.0,-152.45053100585938,0.4430306553840637,0.45801252126693726,0.014981875196099281,0.12088672816753387,80.68047332763672,0.09752929210662842,0.1524505317211151
47744000.0,-143.4088592529297,0.4477645456790924,0.4631015956401825,0.015337031334638596,0.1219388097524643,82.79671478271484,0.097754567861557,0.143408864736557
47872000.0,-140.38282775878906,0.445367693901062,0.4610680043697357,0.015700312331318855,0.12188151478767395,83.69993591308594,0.09733019024133682,0.14038284122943878
48000000.0,-139.16146850585938,0.43463534116744995,0.45095083117485046,0.01631546951830387,0.12041407078504562,81.28316497802734,0.09621816873550415,0.13916148245334625
48128000.0,-148.99610900878906,0.44785815477371216,0.4633711278438568,0.01551296841353178,0.12209636718034744,81.0718994140625,0.09778671711683273,0.14899611473083496
48256000.0,-142.76171875,0.44900521636009216,0.46468207240104675,0.015676874667406082,0.12252083420753479,81.89179229736328,0.09794683009386063,0.1427617222070694
48384000.0,-138.27734375,0.45334646105766296,0.46913203597068787,0.01578562520444393,0.12264975160360336,83.36738586425781,0.09826648980379105,0.1382773518562317
48512000.0,-139.53517150878906,0.44721519947052,0.46392035484313965,0.01670515537261963,0.12129036337137222,82.18599700927734,0.09784671664237976,0.13953517377376556
48640000.0,-135.67059326171875,0.468523770570755,0.48289453983306885,0.014370780438184738,0.12092839926481247,83.93668365478516,0.10029492527246475,0.13567060232162476
48768000.0,-137.6666717529297,0.4734079837799072,0.48645472526550293,0.013046719133853912,0.12211458384990692,83.5378189086914,0.1009702980518341,0.13766667246818542
48896000.0,-129.76434326171875,0.4717854857444763,0.48695629835128784,0.015170780941843987,0.12203386425971985,85.17446899414062,0.10034503042697906,0.1297643482685089
49024000.0,-113.32162475585938,0.4725298583507538,0.48827502131462097,0.01574515551328659,0.12261980026960373,87.25484466552734,0.1002504900097847,0.11332163214683533
49152000.0,-125.80860900878906,0.48227784037590027,0.49760469794273376,0.01532687433063984,0.12179949134588242,84.15750885009766,0.101934053003788,0.12580861151218414
49280000.0,-124.41407775878906,0.4746219217777252,0.49029770493507385,0.015675781294703484,0.1219075620174408,85.06539916992188,0.1012737825512886,0.12441408634185791
49408000.0,-133.70184326171875,0.47581222653388977,0.4926890730857849,0.01687687635421753,0.12199219316244125,84.43555450439453,0.10101160407066345,0.1337018460035324
49536000.0,-123.66667938232422,0.47890156507492065,0.49531877040863037,0.016417186707258224,0.12087501585483551,85.56981658935547,0.10118203610181808,0.1236666887998581
49664000.0,-132.98178100585938,0.4807069003582001,0.4965672194957733,0.015860311686992645,0.12107552587985992,83.89796447753906,0.10134783387184143,0.1329817920923233
49792000.0,-127.33985137939453,0.485177218914032,0.5013109445571899,0.0161337498575449,0.1220182403922081,85.50310516357422,0.10255561023950577,0.12733985483646393
49920000.0,-134.06640625,0.4857422113418579,0.5003890991210938,0.01464687567204237,0.12282943725585938,84.4612045288086,0.10259632021188736,0.1340664178133011
